id,name,location
1,John Cena,Massachusetts
2,Seth Rollins,Iowa
3,Brock Lesnar,South Dakota
4,Randy Orton,Tennessee
5,Logan Paul,Ohio
6,enak kali wak,lapar
7,Raffi,Kampak
8,Raffi,Kampak
9,Raffi,Kampak
10,Raffi,Kampak
11,Raffi,Kampak
12,Raffi,Kampak
13,Raffi,Kampak
14,Raffi,Kampak
15,Raffi,Kampak
16,Raffi,Kampak
17,Raffi,Kampak
18,Raffi,Kampak
19,Raffi,Kampak
20,Raffi,Kampak
21,Raffi,Kampak
22,Raffi,Kampak
23,Raffi,Kampak
24,Raffi,Kampak
25,Raffi,Kampak
26,Raffi,Kampak
27,Raffi,Kampak
28,Raffi,Kampak
29,Raffi,Kampak
30,Raffi,Kampak
31,Raffi,Kampak
32,Raffi,Kampak
33,Raffi,Kampak
34,Raffi,Kampak
35,Raffi,Kampak
36,Raffi,Kampak
37,Raffi,Kampak
38,Raffi,Kampak
39,Raffi,Kampak
40,Raffi,Kampak
41,Raffi,Kampak
42,Raffi,Kampak
43,Raffi,Kampak
44,Raffi,Kampak
45,Raffi,Kampak
46,Raffi,Kampak
47,Raffi,Kampak
48,Raffi,Kampak
49,Raffi,Kampak
50,Raffi,Kampak
51,Raffi,Kampak
52,Raffi,Kampak
53,Raffi,Kampak
54,Raffi,Kampak
55,Raffi,Kampak
56,Raffi,Kampak
57,Raffi,Kampak
58,Raffi,Kampak
59,Raffi,Kampak
60,Raffi,Kampak
61,Raffi,Kampak
62,Raffi,Kampak
63,Raffi,Kampak
64,Raffi,Kampak
65,Raffi,Kampak
66,Raffi,Kampak
67,Raffi,Kampak
68,Raffi,Kampak
69,Raffi,Kampak
70,Raffi,Kampak
71,Raffi,Kampak
72,Raffi,Kampak
73,Raffi,Kampak
74,Raffi,Kampak
75,Raffi,Kampak
76,Raffi,Kampak
77,Raffi,Kampak
78,Raffi,Kampak
79,Raffi,Kampak
80,Raffi,Kampak
